{"0": {"trajectory": [[5.0, 2.8096292779876486e-14, 1.1275719514520062e-14, 8.056843798490563e-15, 2.893554058959509e-15, 0.039225323422429834, -0.01703743159479408, 0.0025503713033142848, -0.00012957958425048144, 0.9999999999999963, 1.0173364063729453e-15, 8.007449809651809e-16, -1.0603366416828043e-16, -3.458171249359765e-14, 1.8931037293334896e-14, -3.4314998759166215e-15, 2.445011424226373e-16, 1.9999999999999927, 2.0346728127458906e-15, 1.6014899619303619e-15, -2.1206732833656086e-16, -6.91634249871953e-14, 3.786207458666979e-14, -6.862999751833243e-15, 4.890022848452746e-16, 0.0, 0.0, 0.0, 0.0, 0.0, 0.0, 0.0, 0.0], [5.0, 1.0000000000000009, 0.01738288722372665, -0.0069202279983209825, 0.06652342255525194, 0.002768091199330816, -0.010770047186362725, 0.0023170850893743425, -0.00014729536792626373, 0.9999999999999993, 6.50868248186498e-14, -1.4704210071769808e-13, -1.2857770403940094e-14, 5.884528975208525e-14, -2.2076090955280847e-14, 3.228320388792838e-15, -1.704365815147213e-16, 1.9999999999999987, 1.301736496372996e-13, -2.9408420143539615e-13, -2.5715540807880188e-14, 1.176905795041705e-13, -4.4152181910561694e-14, 6.456640777585676e-15, -3.408731630294426e-16, 0.0, 0.0, 0.0, 0.0, 0.0, 0.0, 0.0, 0.0]], "T": [5, 5], "color": [[255, 255, 255], [0, 0, 255]], "delay": [0, 0]}, "repeat": 1}