{"0": [[1.0, -1.0000000000000004, 0.0, 0.0, 3.6012859361278515e-15, 0.0, -6.2450045135165055e-15, 8.104628079763643e-15, -1.3739009929736312e-15, 1.0000000000000004, 0.0, 0.0, -3.6012859361278515e-15, 0.0, 6.2450045135165055e-15, -8.104628079763643e-15, 1.3739009929736312e-15, 1.000000000000001, 0.0, 0.0, 11.833680374804663, 0.0, -39.5020822488282, 42.16944299843772, -13.001041124414181, 0.0, 0.0, 0.0, 0.0, 0.0, 0.0, 0.0, 0.0], [1.0, -0.9999999999999999, 0.0, 0.0, 1.3877787807814457e-15, -5.329070518200751e-15, 2.220446049250313e-15, 9.992007221626409e-15, -2.55351295663786e-15, 0.9999999999999999, 0.0, 0.0, -1.3877787807814457e-15, 5.329070518200751e-15, -2.220446049250313e-15, -9.992007221626409e-15, 2.55351295663786e-15, 2.5000000000000004, 0.0, 0.0, 5.16527850078079, -20.005205622071422, 29.023945861529633, -18.693388859968152, 4.509370119729144, 0.0, 0.0, 0.0, 0.0, 0.0, 0.0, 0.0, 0.0], [1.0, -1.0000000000000002, 0.0, 0.0, 9.992007221626409e-16, 1.3322676295501878e-15, -3.552713678800501e-15, -1.7763568394002505e-15, -2.6645352591003757e-15, 1.0000000000000002, 0.0, 0.0, -9.992007221626409e-16, -1.3322676295501878e-15, 3.552713678800501e-15, 1.7763568394002505e-15, 2.6645352591003757e-15, 2.5, 0.0, 0.0, -0.6559083810514943, 2.541644976574502, -3.6894846434145734, 2.3776678813115915, -0.57391983342003, 0.0, 0.0, 0.0, 0.0, 0.0, 0.0, 0.0, 0.0], [1.0, -1.0, 0.0, 0.0, 0.0, -3.552713678800501e-15, 1.4210854715202004e-14, -2.842170943040401e-14, 1.0658141036401503e-14, 1.0, 0.0, 0.0, 0.0, 3.552713678800501e-15, -1.4210854715202004e-14, 2.842170943040401e-14, -1.0658141036401503e-14, 2.5, 0.0, 0.0, 0.08198854763143082, -0.32795419052571617, 0.49193128578855294, -0.32795419052567354, 0.08198854763141128, 0.0, 0.0, 0.0, 0.0, 0.0, 0.0, 0.0, 0.0]], "1": [[1.0, 1.1275702593849246e-16, 0.0, 0.0, 0.1275377407600124, 0.0, -0.7652264445600787, 1.0203019260801076, -0.3826132222800411, 1.0000000000000002, 0.0, 0.0, -0.127537740760016, 0.0, 0.7652264445600849, -1.0203019260801156, 0.38261322228004246, 1.000000000000001, 0.0, 0.0, 11.738027069234654, 0.0, -38.92816241540814, 41.404216553877646, -12.71408120770415, 0.0, 0.0, 0.0, 0.0, 0.0, 0.0, 0.0, 0.0], [1.0, 1.373900992973638e-16, 0.0, 0.0, -0.5101509630400618, -1.9130661114002177, 8.800104112441081, -9.820406038521252, 3.4435190005204506, 0.9999999999999999, 0.0, 0.0, 0.5101509630400605, 1.913066111400223, -8.800104112441083, 9.820406038521241, -3.443519000520448, 2.5000000000000004, 0.0, 0.0, 5.547891723060837, -18.57040603852126, 22.423867777198822, -11.328084331077214, 1.9267308693388048, 0.0, 0.0, 0.0, 0.0, 0.0, 0.0, 0.0, 0.0], [1.0, 7.389922007661247e-17, 0.0, 0.0, 3.953669963560608, 15.304528891202178, -48.635606454970414, 42.54294638209181, -12.165538781884194, 1.0, 0.0, 0.0, -3.9536699635606087, -15.30452889120218, 48.635606454970414, -42.54294638209181, 12.165538781884196, 2.5000000000000004, 0.0, 0.0, -3.62116085372195, -8.936751691827132, 32.78722019781324, -29.52954190525727, 8.550234252993116, 0.0, 0.0, 0.0, 0.0, 0.0, 0.0, 0.0, 0.0], [1.0, 1.0, 0.0, 0.0, 3.8807912545548184, -15.523165018219359, 23.28474752732911, -15.52316501821943, 3.880791254554861, 0.0, 0.0, 0.0, -3.8807912545548184, 15.523165018219363, -23.284747527329124, 15.523165018219455, -3.8807912545548717, 1.75, 0.0, 0.0, -2.828604893284683, 11.3144195731388, -16.971629359708288, 11.314419573138906, -2.8286048932847407, 0.0, 0.0, 0.0, 0.0, 0.0, 0.0, 0.0, 0.0]], "2": [[1.0, 1.0000000000000004, 0.0, 0.0, -3.6012859361278515e-15, 0.0, 6.2450045135165055e-15, -8.104628079763643e-15, 1.3739009929736312e-15, 1.0000000000000004, 0.0, 0.0, -3.6012859361278515e-15, 0.0, 6.2450045135165055e-15, -8.104628079763643e-15, 1.3739009929736312e-15, 1.000000000000001, 0.0, 0.0, 11.833680374804663, 0.0, -39.5020822488282, 42.16944299843772, -13.001041124414181, 0.0, 0.0, 0.0, 0.0, 0.0, 0.0, 0.0, 0.0], [1.0, 0.9999999999999999, 0.0, 0.0, -1.3877787807814457e-15, 5.329070518200751e-15, -2.220446049250313e-15, -9.992007221626409e-15, 2.55351295663786e-15, 0.9999999999999999, 0.0, 0.0, -1.3877787807814457e-15, 5.329070518200751e-15, -2.220446049250313e-15, -9.992007221626409e-15, 2.55351295663786e-15, 2.5000000000000004, 0.0, 0.0, 5.16527850078079, -20.005205622071422, 29.023945861529633, -18.693388859968152, 4.509370119729144, 0.0, 0.0, 0.0, 0.0, 0.0, 0.0, 0.0, 0.0], [1.0, 1.0000000000000002, 0.0, 0.0, -9.992007221626409e-16, -1.3322676295501878e-15, 3.552713678800501e-15, 1.7763568394002505e-15, 2.6645352591003757e-15, 1.0000000000000002, 0.0, 0.0, -9.992007221626409e-16, -1.3322676295501878e-15, 3.552713678800501e-15, 1.7763568394002505e-15, 2.6645352591003757e-15, 2.5, 0.0, 0.0, -0.6559083810514943, 2.541644976574502, -3.6894846434145734, 2.3776678813115915, -0.57391983342003, 0.0, 0.0, 0.0, 0.0, 0.0, 0.0, 0.0, 0.0], [1.0, 1.0, 0.0, 0.0, 0.0, 3.552713678800501e-15, -1.4210854715202004e-14, 2.842170943040401e-14, -1.0658141036401503e-14, 1.0, 0.0, 0.0, 0.0, 3.552713678800501e-15, -1.4210854715202004e-14, 2.842170943040401e-14, -1.0658141036401503e-14, 2.5, 0.0, 0.0, 0.08198854763143082, -0.32795419052571617, 0.49193128578855294, -0.32795419052567354, 0.08198854763141128, 0.0, 0.0, 0.0, 0.0, 0.0, 0.0, 0.0, 0.0]], "3": [[1.0, -1.0000000000000004, 0.0, 0.0, 3.6012859361278515e-15, 0.0, -6.2450045135165055e-15, 8.104628079763643e-15, -1.3739009929736312e-15, 0.0, 0.0, 0.0, 0.0, 0.0, 0.0, 0.0, 0.0, 1.0000000000000007, 0.0, 0.0, 5.916840187402329, 0.0, -19.7510411244141, 21.084721499218855, -6.50052056220709, 0.0, 0.0, 0.0, 0.0, 0.0, 0.0, 0.0, 0.0], [1.0, -0.9999999999999999, 0.0, 0.0, 1.3877787807814457e-15, -5.329070518200751e-15, 2.220446049250313e-15, 9.992007221626409e-15, -2.55351295663786e-15, 0.0, 0.0, 0.0, 0.0, 0.0, 0.0, 0.0, 0.0, 1.7500000000000002, 0.0, 0.0, 2.582639250390394, -10.002602811035707, 14.511972930764827, -9.346694429984083, 2.2546850598645714, 0.0, 0.0, 0.0, 0.0, 0.0, 0.0, 0.0, 0.0], [1.0, -1.0000000000000002, 0.0, 0.0, 9.992007221626409e-16, 1.3322676295501878e-15, -3.552713678800501e-15, -1.7763568394002505e-15, -2.6645352591003757e-15, 0.0, 0.0, 0.0, 0.0, 0.0, 0.0, 0.0, 0.0, 1.75, 0.0, 0.0, -0.3279541905257477, 1.2708224882872496, -1.8447423217072902, 1.1888339406558046, -0.2869599167100123, 0.0, 0.0, 0.0, 0.0, 0.0, 0.0, 0.0, 0.0], [1.0, -1.0, 0.0, 0.0, 0.0, -3.552713678800501e-15, 1.4210854715202004e-14, -2.842170943040401e-14, 1.0658141036401503e-14, 0.0, 0.0, 0.0, 0.0, 0.0, 0.0, 0.0, 0.0, 1.75, 0.0, 0.0, 0.04099427381571541, -0.16397709526285809, 0.24596564289426226, -0.16397709526282256, 0.04099427381569498, 0.0, 0.0, 0.0, 0.0, 0.0, 0.0, 0.0, 0.0]], "4": [[1.0, 0.0, 0.0, 0.0, 0.0, 0.0, 0.0, 0.0, 0.0, -1.1275702593849246e-16, 0.0, 0.0, -0.1275377407600124, 0.0, 0.7652264445600787, -1.0203019260801076, 0.3826132222800411, 1.0000000000000004, 0.0, 0.0, 5.82118688183232, 0.0, -19.177121290994048, 20.319495054658777, -6.213560645497059, 0.0, 0.0, 0.0, 0.0, 0.0, 0.0, 0.0, 0.0], [1.0, 0.0, 0.0, 0.0, 0.0, 0.0, 0.0, 0.0, 0.0, -1.373900992973638e-16, 0.0, 0.0, 0.5101509630400618, 1.9130661114002177, -8.800104112441081, 9.820406038521252, -3.4435190005204506, 1.75, 0.0, 0.0, 2.9652524726704406, -8.567803227485545, 7.911894846434015, -1.9813899010931462, -0.327954190525766, 0.0, 0.0, 0.0, 0.0, 0.0, 0.0, 0.0, 0.0], [1.0, 0.0, 0.0, 0.0, 0.0, 0.0, 0.0, 0.0, 0.0, -7.389922007661247e-17, 0.0, 0.0, -3.953669963560608, -15.304528891202178, 48.635606454970414, -42.54294638209181, 12.165538781884194, 1.7500000000000002, 0.0, 0.0, -3.2932066631962034, -10.207574180114385, 34.63196251952051, -30.71837584591306, 8.837194169703132, 0.0, 0.0, 0.0, 0.0, 0.0, 0.0, 0.0, 0.0], [1.0, 0.0, 0.0, 0.0, 0.0, 0.0, 0.0, 0.0, 0.0, -1.0, 0.0, 0.0, -3.8807912545548184, 15.523165018219359, -23.28474752732911, 15.52316501821943, -3.880791254554861, 1.0, 0.0, 0.0, -2.8695991671003984, 11.478396668401665, -17.217595002602565, 11.47839666840175, -2.869599167100448, 0.0, 0.0, 0.0, 0.0, 0.0, 0.0, 0.0, 0.0]],